x,y,z
-0.008757704,0.49978881,0
-0.004144852,0.158997916,0
-0.005476451,0.244059297,0.01119403
0,-0.146410626,0
-0.005286344,-0.060846252,0.003690037
0,0.029448633,0
0,0.061938243,0.011029412
-0.006532329,0.05852634,0.003636364
-0.007243954,0.128331635,-0.003623188
-0.001908397,0.05898289,-0.001818182
-0.002474412,0.13370136,0
0,0.31682502,-0.001821494
0,0.15557827,-0.00729927
0,-0.036968625,-0.001838235
-0.001353027,0.041521463,-0.001841621
-0.000564525,0.05695907,0
-0.002033439,-0.008515337,0.007380074
-0.00339597,0.073615574,0
-0.000908678,-0.011003224,0.003663004
0,0.025204898,0.010948905
0,,0
-0.001023192,,-0.007220217
-0.00330033,,0.036363636
-0.003539621,,-0.024561404
-0.003781368,,0
-0.00437083,,0
0,,0.017985612
0,,0
-0.001617375,,-0.003533569
-0.002545707,,0.00177305
-0.002784223,,0.015929204
0,,0
0,,-0.017421603
0,,0.028368794
0,,-0.003448276
-0.002326664,,-0.006920415
-0.003964552,,0.003484321
-0.002692578,,0.024305556
-0.006456157,,0
-0.001063327,,0
0,,0
0,,0
0.00035482,,-0.006779661
0.000236463,,-0.003412969
0.000827423,,0
0.003543168,,0
0.002000706,,-0.006849315
0,,-0.006896552
0,,0
0.003993423,,0.006944444
-0.003509593,,0.003448276
-0.001408781,,0.013745704
0.000235128,,0
-0.001410437,,0.003389831
0,,0.003378378
0,,0
0.001412429,,0.003367003
-0.001880583,,0.006711409
0.000471032,,0.013333333
-0.001530132,,0
-0.002004008,,0
0,,-0.006578947
0,,-0.001655629
-0.001771793,,0.001658375
-0.001538279,,0.016556291
-0.001659161,,0.009771987
0,,0
0.000237417,,0.003225806
0,,-0.008038585
0,,-0.003241491
-0.000712082,,0.001626016
-0.000831354,,-0.012987013
0,,0.006578947
-0.002733864,,0
-0.001549464,,0
0,,0.013071895
0,,0
-0.002506864,,0.006451613
-0.007060795,,-0.012820513
-0.00373629,,0
0,,0
-0.002056617,,0
0,,0.001623377
0,,0.011345219
-0.000727361,,0
-0.001941041,,-0.006410256
-0.001337061,,0.006451613
-0.001825706,,0
-0.002072918,,-0.028846154
0,,0
0,,0
-0.006109482,,0
-0.002827637,,-0.00330033
-0.00184934,,-0.006622517
0.004570158,,0
-0.000368868,,0
0,,0.003333333
0,,0.003322259
-0.001107011,,-0.003311258
0,,0
-0.016007881,,0.003322259
-0.002502816,,0
-0.001630912,,0
0,,-0.013245033
0,,-0.006711409
0,,0
0,,-0.006756757
0,,0.003401361
0,,0
0.001005278,,0
0,,0.003389831
0,,0
0,,0
-0.001255335,,0.005067568
0.001759678,,-0.016806723
0.00238394,,0
0,,-0.001709402
0,,0.010273973
0,,0
0.001627237,,0
0.000499875,,0
0.005370972,,0
0.003354454,,0
0.004333829,,0.008474576
0,,0.008403361
0,,0
0.005054864,,0
0.002944063,,0
0.002323875,,-0.003333333
0.006955461,,0
0,,0.006688963
0,,0.006644518
0,,0
0.004604944,,0
0.006875754,,0.00330033
0.009943692,,0
0.00059312,,0
0.004860699,,0
0,,0
0,,0
-0.000825861,,0
0.004014642,,-0.003289474
0.001764083,,0.00660066
0.001173985,,0
0.000820826,,0.003278689
0,,0
0,,0.003267974
0.00152314,,0.003257329
0.004328498,,0
0.006173559,,0
0.00706182,,0
0.008621681,,0
0,,0.01461039
0,,-0.0016
0.011169364,,0
0.006537421,,0.001602564
0.006718925,,0.0048
-0.002447164,,0
-0.004125781,,0
0,,0
0,,-0.003184713
-0.00481469,,-0.001597444
0.00360036,,0.0016
0.004372197,,0.009584665
-0.000334859,,0
0.005582849,,0
0,,0.003164557
0,,0.012618297
0.003553187,,0.012461059
-0.001991591,,-0.009230769
-0.005432373,,0.01242236
-0.004012931,,0
0.002126469,,0.003067485
0,,0.009174312
0,,0.015151515
0.005360733,,0.002985075
-0.000111086,,0.00297619
0.000555494,,0.068249258
0.002998001,,0
0.005424554,,-0.033333333
0,,0.005747126
0,,0
0.004514424,,-0.022857143
0.007892141,,-0.00877193
0.0045677,,0.026548673
0.004655191,,0
0.006788793,,0
0,,-0.002873563
0,,-0.011527378
0.002354704,,0.005830904
-0.004591564,,0
-0.002467282,,0
-0.003011076,,0
-0.002588718,,0.020289855
0,,-0.019886364
0,,0.002898551
0,,-0.002890173
0.001189575,,0.002898551
-0.000648088,,0
0.009511457,,0
-0.000107066,,-0.011560694
0,,-0.020467836
0,,0
0.000321234,,0.002985075
0.001284522,,0
0.000641437,,-0.00297619
0.002991453,,0
0.008841074,,-0.002985075
0,,0.023952096
0,,-0.005847953
-0.000105585,,0
-0.001689546,,0
0,,-0.002941176
0.000423101,,0
0,,-0.002949853
0,,0.023668639
0,,0
-0.001903151,,0
-0.002436441,,0.011560694
-0.006690029,,-0.008571429
0.002672653,,0
0.001705939,,0.002881844
0,,-0.020114943
0,,0.002932551
0.005002661,,0
0.003495022,,0
0,,0
0.003799472,,0
0.001156556,,-0.002923977
0,,0
0,,-0.002932551
0.00010502,,0.002941176
0.000735062,,0
0.018258132,,0
0.002370157,,0
0.004009458,,0.002932551
0,,-0.005847953
0,,0
0.004607823,,0.002941176
0.002038528,,0
0.000406876,,0
0.00264362,,0
0.004462022,,0
0,,0.026392962
0,,-0.002857143
0.009490156,,0
0.00450045,,0.005730659
0.006969335,,-0.002849003
0.002471821,,-0.008571429
0.005424598,,0
0,,0.002881844
0,,0
0.005591524,,0
0.008096771,,0
0.006870524,,0
0.003555983,,0
0.002873013,,0.002873563
0,,-0.005730659
0,,0
0.007925898,,0.005763689
0.005400284,,-0.00286533
0.006784772,,0.005747126
0.028079371,,0
0.053987618,,0
0,,0
0,,0.002857143
0.013561372,,0.005698006
-0.003408897,,0.005665722
-0.000513084,,0.014084507
0.004534565,,0
0.00051103,,0.013888889
0,,0.002739726
0,,-0.005464481
-0.005788712,,-0.005494505
-0.003681822,,0.005524862
-0.003781368,,-0.010989011
0.00405452,,0
0.004897328,,0
0,,-0.005555556
0,,0.002793296
-0.003248974,,0.005571031
-0.00171556,,0.004155125
-0.003351091,,0.012413793
-0.00637986,,0
-0.005553145,,-0.005449591
0,,-0.01369863
0,,0.002777778
-0.002094058,,-0.002770083
0,,0.005555556
0.001311533,,-0.002762431
0.002444988,,0
0.008972125,,-0.002770083
0,,-0.008333333
0,,-0.005602241
0.00328067,,0
-0.002839687,,0.002816901
-0.002502589,,-0.005617978
-0.000346051,,0
-0.00164431,,0.008474576
0,,-0.00280112
0,,0
0.010488904,,0
0.005147122,,0
0.001792268,,0
0.004685636,,0
0.008310014,,0.002808989
0,,0.008403361
0,,-0.005555556
0.005634513,,0
-0.002759659,,-0.002793296
-0.001090147,,0.00280112
0.000503694,,0
0,,0
0,,0
0,,-0.002793296
0,,0
-0.000335627,,0
0.005287897,,0.007002801
0.008265843,,0
0.008280888,,0.004172462
0,,0.005540166
0,,0
0.005502628,,-0.002754821
0.006779384,,0.012430939
0.001379198,,0.009549795
0.000162035,,0
0.005103281,,0.018918919
0,,0.00795756
0,,0.010526316
0.005963894,,0.033854167
0.005047268,,0
-0.001195695,,-0.005037783
-0.003671189,,0
0.001762256,,0
0,,-0.012658228
0,,-0.012820513
0.005677275,,0
-0.000874612,,0
0.001273277,,0.005194805
-0.012398665,,0
-0.003701915,,0.002583979
0,,-0.010309278
0,,-0.002604167
0.001857835,,0.01305483
-0.003305652,,-0.005154639
-0.002993043,,-0.002590674
-0.00673428,,0
-0.005391276,,0
0,,0
0,,0
-0.007309461,,0
-0.006949615,,0
-0.000583188,,0
0.006418806,,0
0.003313178,,0
0,,0
0,,0
0,,0
-0.007017254,,0
-0.005237779,,0
-0.003008776,,0
-0.001173611,,0
0,,0.020779221
0,,0
-0.000839278,,0
0,,0
0.003275934,,0
-0.002846618,,0
-0.006213266,,0.022900763
0,,0.004975124
0,,0.004950495
-0.007012504,,0.019704433
-0.006466434,,0
-0.004110645,,0.012077295
-0.022959842,,0
-0.009417356,,0.002386635
0,,0.023809524
0,,0
-0.003998223,,0.01627907
0.004103479,,0.018306636
0.001687989,,-0.033707865
-0.003547672,,0
-0.001246106,,-0.023255814
0,,0.019047619
0,,0.01635514
0,,-0.022988506
0,,-0.016470588
-0.002138847,,-0.004784689
-0.001696883,,0
0.002683843,,0.016826923
0,,0.004728132
0,,0
0.007762313,,-0.004705882
0.004957946,,0
-0.004052506,,-0.002364066
0.000176913,,0
0.006013974,,0
0,,-0.004739336
0,,0
0.006593407,,0.002380952
0.012401747,,0.009501188
0.005607315,,0.004705882
-0.000943639,,0
-0.004121587,,-0.004683841
0,,-0.007058824
0,,0
0.001379548,,-0.004739336
0.000602721,,0.003571429
-0.003183891,,-0.003558719
-0.00129489,,0
0,,0.002380952
0,,0.004750594
0,,0.033096927
0.004235457,,0.00228833
0.005852987,,-0.006849315
0.001625877,,0
0.004100812,,0
0.004254233,,0.029885057
0,,-0.006696429
0,,-0.011235955
-0.00440566,,-0.004545455
-0.002212578,,0.00456621
-0.001279318,,0
0.000939368,,0
0.002644826,,0
0,,0
0,,0.004545455
-0.003063308,,0.011312217
-0.002560601,,0
-0.001625877,,0.017897092
-0.000514271,,0
0.002915702,,0.010989011
0,,0.004347826
0,,-0.012987013
0,,0.00877193
0.005643437,,-0.006521739
0,,0
0.002465777,,0
-0.001187447,,-0.004376368
0,,-0.006593407
0,,-0.008849558
0.00390625,,-0.002232143
0.009220098,,-0.011185682
0.006453776,,0.004524887
0.000333111,,0
-0.001498501,,0
0,,-0.02027027
0,,-0.016091954
-0.002584626,,0
0.003845189,,0
0.003330835,,0
0.00522865,,0
0.001733818,,0.014018692
0,,-0.006912442
0,,0
0.007252947,,0.002320186
0.002291138,,0
0.00481672,,0.002314815
0.009831004,,0
0.001448226,,-0.004618938
0,,-0.002320186
0,,-0.002325581
-0.000482044,,-0.004662005
0.008520215,,-0.00234192
-0.001036104,,0
-0.002712622,,0
0.00296,,0.002347418
0,,0
0,,0.00234192
0,,0.002336449
0,,0.018648019
0,,-0.00228833
0,,0
0,,-0.004587156
0,,-0.004608295
0,,-0.009259259
0.00614182,,0.009345794
0.009433962,,-0.00462963
0.007146784,,0.006976744
0.003353088,,0
0.006062019,,-0.006928406
0,,0.004651163
0,,-0.002314815
0.014831981,,-0.002320186
0.013930121,,0
-0.000225225,,0.039534884
0.011939626,,0
0.016325319,,-0.011185682
0,,-0.002262443
0,,0.006802721
0.004234813,,0.036036036
0.0035626,,0.043478261
0.002173441,,0
0.005132654,,0
-7.19217E-05,,0.010416667
0,,-0.010309278
0,,-0.010416667
-0.006257642,,-0.006315789
0.008613202,,0.025423729
0.014567635,,0.012396694
0.003395105,,0
-0.004018046,,0.008163265
0,,0.046558704
0,,0
-0.003468044,,0.030947776
-0.001917614,,0.046904315
0.005408098,,-0.001792115
0.000707764,,0
-0.008982248,,-0.062836625
0,,0.072796935
0,,-0.010714286
0.009206395,,0.003610108
-0.0038894,,0
-0.005253443,,0
0.001712818,,0
-0.006554574,,-0.007194245
0,,0.023550725
0,,-0.003539823
-0.00172117,,0.021314387
0.006752874,,0.036521739
0.006065363,,-0.010067114
0.002340592,,0
-0.001910558,,0.010169492
0,,0.015100671
0,,0.016528926
-0.000638072,,0.040650407
0.003050511,,-0.046875
0,,-0.016393443
0.001273074,,0
-7.06364E-05,,0.008333333
0,,0.008264463
0,,0
-0.002755016,,0.004918033
-0.0029043,,-0.004893964
0.002841716,,0.008196721
0.004817229,,0
-0.001903553,,0
0,,-0.008130081
0,,-0.06557377
-0.002613548,,-0.00877193
-0.002266289,,0.044247788
-0.00354912,,-0.005084746
0.005057701,,0
0.005174002,,0
0,,0.005110733
0,,-0.06779661
0,,0.009090909
-0.001198703,,0.036036036
-0.002117896,,-0.008695652
0.000990449,,0
-0.006643579,,0.010526316
0,,-0.010416667
0,,-0.00877193
0.004268943,,0.008849558
0.00460503,,-0.00877193
0.007616361,,0.005309735
0.007418813,,0
-0.001528415,,-0.01056338
0,,0.005338078
0,,-0.003539823
-0.002156972,,0.012433393
-0.004183809,,0
-0.001680555,,-0.00877193
0.006593252,,0
0.009616055,,-0.007079646
0,,0.005347594
0,,0.010638298
0,,-0.003508772
0.00096625,,-0.001760563
-0.000137903,,0.017636684
0.003034273,,0
0.000481265,,0
0,,0.019064125
0,,0.011904762
0.000618472,,-0.003361345
-0.00384589,,-0.005059022
0.003309204,,0.003389831
0.001305573,,0
0.01008784,,0.001689189
0,,-0.003372681
0,,0
0,,0.001692047
0.011142061,,0.023648649
0.006584694,,0.00660066
0.00166878,,0
0.004931361,,0
0,,0.01147541
0,,0.001620746
0.002519894,,0
0.004696388,,-0.001618123
0.003686879,,0.001620746
0.006559528,,0
0.001042685,,-0.003236246
0,,-0.006493506
0,,-0.011437908
0.006184493,,-0.008264463
0.013263458,,0.016666667
0.005427495,,0.008196721
0,,0
0.003048393,,0.008130081
0,,0.008064516
0,,0.0032
0.002975814,,-0.035087719
0.001830693,,-0.024793388
0.01310649,,0.016949153
0.012688145,,0
0.002211031,,0.041666667
0,,-0.008
0,,0
0.017649222,,0
0.001204384,,-0.017741935
0.002887044,,-0.014778325
0.010075567,,0
0.009084432,,-0.008333333
0,,-0.008403361
0,,0
-0.007649309,,-0.005084746
-0.009724281,,-0.008517888
0.003951859,,0.013745704
0.008588298,,0
0.005854178,,-0.008474576
0,,0.025641026
0,,0.008333333
-0.002057613,,0
-0.001001473,,0.033057851
0.009376106,,-0.0272
0.002103172,,0
0.004897103,,0
0,,-0.029605263
0,,0.008474576
0.009514417,,0.028571429
0.021090742,,-0.003267974
0.009567762,,-0.004918033
0.001003456,,0
0,,-0.003294893
0,,0.00661157
0,,0.006568144
0.020049009,,0.01141925
0.017471064,,-0.008064516
0.000643915,,0
-0.010135135,,0
-0.001571049,,0
0,,0.004878049
0,,0.003236246
0,,0.024193548
0.005642973,,0.026771654
0,,0.01993865
0.000485594,,0
0.000701073,,0
0,,0
0,,0
0.005496874,,0.02406015
-0.009111373,,0.093979442
-0.010006491,,0.040268456
0.006009944,,0
0.007386086,,0.006451613
0,,0
0,,0
0.006684996,,0
-0.007765223,,0
-0.006584629,,0.025641026
0.007008584,,0
0.007391422,,-0.125
0,,0.142857143
0,,0.0375
0.006319623,,0
-0.001490154,,-0.036144578
0,,-0.01875
-0.000639591,,0
0.006506667,,-0.012738854
0,,0.038709677
0,,0.01863354
0.003497245,,0
-0.01562995,,0
-0.002252977,,0.018292683
-0.017043011,,0
-0.021057813,,0
0,,-0.005988024
0,,-0.012048193
0.004190412,,-0.004878049
0.007678184,,-0.007352941
0.01286511,,0
-0.002780201,,0
-0.00344394,,0.00617284
0,,0
0,,0
0.005540318,,0
-0.00911025,,0.001226994
-0.007046906,,-0.007352941
-0.00166334,,0
-0.002776852,,0
0,,0.007407407
0,,-0.013480392
0.004399644,,-0.037267081
-0.001330746,,0.012903226
-0.002109822,,0.029299363
-0.000723307,,0
0.000946548,,0.008663366
0,,-0.007361963
0,,-0.012360939
0.00628581,,-0.002503129
-0.004090658,,-0.008782936
-0.002553286,,0
0.003784085,,0
0.004157889,,0
0,,-0.006329114
0,,-0.015286624
-0.003809419,,0.002587322
-0.00011084,,-0.010322581
-0.000332557,,-0.028683181
-0.00083167,,0
0,,-0.006711409
0,,0.040540541
0,,0
0.002275123,,0
0.00398627,,0
0.006893129,,0
-0.001807328,,0
0.0034566,,0
0,,0
0,,0
0.007600197,,0
-0.001302366,,0
-0.006465986,,0
-0.002296965,,0
0.002028175,,0
0,,0
0,,0.011688312
0.000656455,,0.001283697
0.001476055,,-0.006410256
-0.00147388,,-0.04
0.001366718,,0
0.002948081,,0.008064516
0,,0
0,,-0.006666667
0.004844592,,-0.016107383
-0.000866739,,-0.010914052
-0.001572327,,0.015172414
-5.43036E-05,,0.001358696
0,,-0.005427408
0,,0.002728513
0,,-0.074829932
-0.002606712,,0.030882353
-0.008820647,,0.007132668
0.002526917,,-0.005665722
0.005643836,,0
0.002506402,,0
0,,-0.00997151
0,,-0.011510791
0.010163596,,-0.016011645
0.00737114,,0
-0.001815948,,0
0.004387608,,0
0.004474988,,-0.017751479
0,,0.021084337
0,,-0.010324484
-0.000318218,,0.001490313
0.002599607,,-0.00297619
0.006508625,,-0.002985075
0.009410651,,0
0.0084375,,-0.024700599
0,,-0.00076746
0,,-0.00921659
0.00464828,,-0.004651163
0.012749332,,-0.018691589
-0.000456853,,-0.00952381
0.004469047,,0
-0.001011173,,-0.03525641
0,,0.008305648
0,,0.032948929
-0.001518295,,0.023923445
0.005170054,,-0.023364486
0.003731531,,0.020733652
0.001657875,,0
0.013491825,,0.0078125
0,,0.007751938
0,,-0.003076923
0.007225219,,-0.026234568
0.003095367,,-0.001584786
0.002302116,,0.03968254
0,,0
0.010848849,,0.013740458
0,,-0.02560241
0,,0.020092736
0.010684071,,0.004545455
-0.001339328,,-0.012066365
0.00569978,,0.003816794
0.0167643,,0
0,,0.03269962
0,,0
0,,0
0.021640358,,-0.010309278
0.001329604,,0.007440476
0.004807692,,0.005908419
-0.00355434,,0
0.002835323,,0.001468429
0,,0.007331378
0,,-0.001455604
0.003283323,,-0.013848397
0.006136085,,-0.011086475
0.005601735,,0.00896861
0.000449236,,0
-0.003682084,,0.007407407
0,,0.003676471
0,,0
-0.004416802,,0.008791209
-0.014848348,,0.000726216
0,,-0.001451379
-0.001010936,,0
0.000459982,,0.00872093
0,,0.015850144
0,,-0.007092199
0.005425287,,0.028571429
0.001463325,,0.002777778
-0.010821918,,0.073407202
-0.008770715,,0
0.010291995,,-0.015483871
0,,-0.030144168
0,,-0.016216216
0.006868259,,0.031593407
0.003937188,,-0.007989348
-0.001687263,,-0.001342282
0.006440709,,0
0.001361594,,-0.02016129
0,,-0.01920439
0,,-0.005594406
-0.007614558,,0.021097046
0.005206668,,-0.020661157
0.010359398,,0
0.009848451,,0
0.015496972,,0.008438819
0,,-0.016736402
0,,0.004255319
0.02153131,,0.001412429
0,,-0.002820874
0,,-0.004243281
0,,0
0,,-0.005681818
0,,-0.005714286
0,,0.004310345
0.019832582,,0.011444921
0.018605043,,0.015558699
0.003677838,,0.013927577
0.008193347,,0
-4.0838E-05,,0.01510989
0,,-0.01623816
0,,0.009628611
0,,0.008174387
0.0023687,,0.005405405
0.019515971,,0.002688172
0.021060624,,0
0.013111546,,-0.009383378
0,,0.01623816
0,,0.023968043
0.013057755,,0.019505852
-0.008389582,,-0.024234694
0.005460908,,-0.002614379
0.010250526,,0
0.004883959,,0.027522936
0,,0.010204082
0,,-0.005050505
0.005048602,,0
-0.008584495,,-0.015228426
-0.000680606,,0.006443299
-0.008097166,,0
0.010185009,,0.006402049
0,,0
0,,0
0.004833472,,0.012722646
-0.00263059,,0.010050251
-0.010512434,,0.027363184
0.000495031,,0
-0.018725736,,0.018159806
0,,-0.011890606
0,,0.008423586
-0.017841905,,0
-0.025116499,,0
0.014218585,,0
0.006949714,,0
0.012256555,,-0.002386635
0,,-0.003588517
0,,0.004801921
0,,-0.001194743
-0.005995298,,0.020334928
0.01521662,,0.011723329
0.011221994,,0
-0.001267184,,0.052143685
0,,0.039647577
0,,-0.006355932
0,,-0.017057569
-0.003729478,,0
-0.005866008,,-0.007592191
0.000504658,,0
0.00651845,,0.032786885
0,,-0.003174603
0,,0.013800425
0.008288038,,-0.021989529
-0.003823215,,0.016059957
0.000153516,,-0.001053741
-0.007597851,,0
-0.022078726,,0.022151899
0,,0.008255934
0,,0.033776868
-0.010557115,,0.018811881
-0.016983696,,0.018464529
0.010650839,,0.020038168
0.010940831,,0
-0.001352803,,0.058933583
0,,0.042402827
0,,0.13559322
0,,0.014925373
0,,0
0.007769234,,-0.191176471
-0.006800032,,0
0.006528143,,0
0,,0
0,,0.118181818
-0.001621451,,0.056910569
-0.004872252,,-0.019230769
0.004617467,,0.00627451
-0.007686821,,0
-0.007546718,,0.038971161
0,,0.029257314
0,,0.002186589
0.013639107,,0.090909091
0.00079384,,-0.006666667
-0.003688427,,-0.060402685
0.002428247,,0
-0.0021841,,0
0,,-0.010714286
0,,-0.057761733
-0.004099176,,-0.057471264
-0.013946611,,0.06097561
-0.021317123,,-0.003831418
0.001283697,,0
0.013399504,,-0.019230769
0,,0.011764706
0,,0.007751938
0.00975351,,-0.019230769
-4.04155E-05,,-0.002352941
-0.001778353,,-0.005503145
0.004818204,,0
-0.000644719,,0
0,,-0.071146245
0,,0.017021277
-0.00338696,,0.033472803
-0.007120605,,0.00242915
-0.001507681,,-0.024232633
-0.004774731,,0
-0.004141551,,0.01986755
0,,-0.008116883
0,,-0.005728314
0.002594087,,-0.049382716
0,,0.014718615
0.004599778,,-0.008532423
0.001471731,,0
0.004286239,,-0.02151463
0,,-0.025505717
0,,-0.007220217
0.008454597,,-0.015454545
0.014993954,,0.043397969
0.005678659,,0.017699115
0.004343534,,0
0.001454688,,0
0,,0
0,,0.004347826
-0.00683103,,0
-0.007391889,,-0.012121212
0.006331886,,0.007011394
0.000593589,,0
0.001226023,,0.040034813
0,,-0.015062762
0,,0.005097706
-0.012166219,,-0.00591716
-0.003358925,,0.013605442
0.001885733,,0.008389262
-0.014977374,,0
0.011342847,,-0.014143095
0,,-0.000843882
0,,0.016047297
0.004864126,,-0.000831255
0.003840461,,0.009151414
-0.00135496,,-0.004946414
0.00123708,,0
0.005898764,,-0.014084507
0,,0
0,,0.008403361
-0.000237737,,0.033333333
-0.000594483,,-0.02016129
0,,0.005761317
0.006820795,,0
0.003426681,,0.009001637
0,,0.02189781
0,,0.043650794
0.00314021,,-0.02661597
-0.00316951,,-0.009375
0.005770363,,0.011829653
0.007805792,,0
0,,0
0,,0
0,,0
0.01010766,,0
0.006594333,,0
0.004037326,,0
0.013428929,,0
0.008047913,,0
0,,0
0,,0
0.006238396,,0
7.38062E-05,,0
-0.001512915,,0
-0.004656491,,0
-0.003564401,,0
0,,0
0,,-0.010132502
0.000670716,,0.011811024
0.00111711,,0.026459144
-0.000669518,,-0.00075815
-0.000744408,,0
0.004283533,,0.025796662
0,,0.020710059
0,,0.043478261
0,,0
-0.00730658,,-0.013888889
-0.00721091,,-0.023239437
0.004553666,,0
0.003746301,,0.030281182
0,,0.012596221
0,,0.006219765
-0.00317247,,0
-0.001310469,,0.026785714
-0.000299929,,0.043478261
0.003412713,,0
0.003999103,,-0.037179487
0,,0.011984021
0,,0.015789474
0.001861296,,-0.031735751
-0.001634898,,-0.026755853
-0.001823663,,0.017182131
0.003094705,,0
-0.002181913,,0.006756757
0,,0
0,,-0.034899329
-0.006556327,,-0.011126565
-0.014140384,,-0.004219409
-0.005013084,,0.025423729
-1.91136E-05,,0
0.001865522,,-0.008264463
0,,-0.022222222
0,,0.014204545
-0.002163486,,0.003501401
-0.003877481,,-0.016050244
-0.006706437,,-0.009219858
0.00192851,,0
-0.000362587,,0.005010737
0,,0.001424501
0,,0.027738265
0.001462451,,0.032525952
-0.001618291,,-0.018096515
-5.01712E-05,,-0.012969283
-0.000266306,,0
0.003798773,,-0.029045643
0,,-0.014245014
0,,-0.050578035
-0.004895871,,0.03805175
-0.011003239,,0.030058651
0,,-0.002135231
-0.01019168,,0
0.000225041,,-0.02211127
0,,0.005105762
0,,0.007982583
0.005072155,,-0.011519078
-0.003546336,,0.001456664
-0.000236476,,-0.028363636
0,,0
-7.88438E-06,,-0.020958084
0,,0.028287462
0,,0.003717472
1.18267E-05,,0
-0.002692506,,0
-0.00358916,,0
-0.012952443,,0
-0.012575811,,0
0,,0
0,,0.011111111
-0.004066232,,0.002197802
-0.012346587,,-0.002192982
-0.007808427,,0.007326007
0.004658534,,0
-0.003013799,,-0.008
0,,-0.00659824
0,,0
0.004155459,,0
0.00996832,,-0.002214022
0,,-0.005177515
0,,0
0.012555015,,0.026022305
0,,0.039855072
0,,-0.013937282
0.001038009,,0.002120141
-0.005747685,,-0.019746121
0.000350358,,0
0.002573824,,0
-0.001113002,,-0.027338129
0,,0
0,,-0.019970414
-0.002525345,,-0.00754717
0.003073963,,-0.003041825
0.001385954,,-0.001525553
-0.001976613,,0
-0.003790251,,-0.010695187
0,,0.013899614
0,,0.017517136
-0.001469616,,-0.000748503
-6.54124E-05,,0.024719101
-0.003319896,,0.004385965
-0.002059284,,0
-0.000267191,,-0.012372635
0,,0.007369197
0,,0.002194587
0.00338806,,-0.010218978
-9.01525E-05,,-0.007374631
-0.003163818,,-0.002228826
0.00753586,,0
0.01355123,,-0.001489203
0,,0.012677107
0,,-0.010309278
0.001964644,,-0.005208333
-0.001329964,,-0.019446522
0.009169255,,0.004576659
0.004971554,,0
0.00923935,,-0.018223235
0,,0.006960557
0,,-0.002304147
0,,0.000769823
0.012381929,,0.066153846
0.005750273,,-0.082251082
-0.008130207,,0
0.004608295,,-0.021226415
0,,-0.038554217
0,,-0.001670844
-0.001507098,,0.050209205
0,,0.051792829
-0.005882284,,-0.024242424
0,,0
-0.003134184,,0.023291925
0,,0.002276176
0,,0.000757002
0.007133796,,0.017397882
0.008113488,,-0.019330855
-0.000709567,,-0.005307051
3.47317E-05,,0
-0.001373785,,0
0,,-0.013719512
0,,0.007727975
0.001112906,,0
-0.007310765,,0
-0.002873519,,0.006134969
-0.007947371,,0
-0.002680828,,-0.006859756
0,,-0.009976976
0,,-0.008527132
0,,-0.017200938
-0.002010114,,0.033412888
-0.001619229,,0.003849115
-0.01317658,,0
-0.004702044,,-0.046779141
0,,0.010458568
0,,-0.006369427
0.00078939,,-0.008814103
0.001179127,,-0.022635408
0.001808813,,-0.033912324
0.004497817,,0
-0.00090672,,-0.035958904
0,,-0.007992895
0,,0
-0.003054461,,-0.022381379
0.001632165,,-0.008241758
0.004864495,,0.00923361
0.005817104,,0
0.005011012,,-0.001829826
0,,0.019248396
0,,0.024280576
-0.000208901,,0.004389816
0.002061848,,-0.007867133
-0.003847682,,0
-0.000481831,,0
0.003647083,,-0.037885463
0,,0.010989011
0,,-0.005434783
0.002259825,,-0.010928962
0.001315914,,0
-0.007496734,,0.017955801
-0.001379447,,0
0.008565175,,-0.015789236
0,,0.00363496
0,,-0.005494505
0.004932991,,0
0.011652973,,-0.015653775
0,,-0.014967259
0,,0
0,,0
0,,-0.040835708
0,,0.024752475
0.014471774,,-0.012560386
0.008439718,,0.017612524
-0.003520449,,-0.011538462
0.004695369,,0
0.001628161,,0.021400778
0,,0.013333333
0,,-0.006578947
0,,0.000946074
0,,0
-0.003439167,,0.002835539
-0.005954359,,0
-0.001014164,,0.030160226
0,,-0.009149131
0,,-0.012927054
0.003159648,,-0.010289991
0.004104838,,0.002835539
-0.000347277,,0.004712535
0.006853557,,0
0.003514088,,0
0,,0.00750469
0,,0.00698324
0.005194747,,-0.01618123
0.014191279,,0.001879699
-0.001206078,,0.003752345
-0.002213201,,0
0.00274413,,-0.004672897
0,,0.003286385
0,,-0.013570426
-0.001768165,,-0.029411765
-0.001558153,,-0.010752688
-0.003091725,,0.020750988
0.00164665,,0
0,,0.005324298
0,,0.006259027
0,,-0.004784689
-0.004404734,,0.028846154
-0.002095489,,0.037383178
0.000233733,,-0.018018018
0.000344954,,0
-0.000174272,,0.009174312
0,,-0.013636364
0,,0
-0.00107548,,0.00921659
-0.000133652,,0.0456621
-0.00169686,,0
-0.000587658,,0
4.838E-05,,-0.030567686
0,,0.013513514
0,,-0.017777778
-0.004781947,,-0.035294118
-0.003189572,,-0.015009381
0.002141938,,-0.014285714
-0.001422411,,0
-0.000925884,,-0.019323671
0,,-0.004926108
0,,-0.036633663
-3.37679E-05,,-0.016443988
0.000604091,,0.008359457
0.006678491,,0.03626943
0.002488285,,0
0.006636297,,-0.084
0,,0.009825328
0,,0.016216216
-0.006706975,,-0.015957447
-0.000167227,,0.059459459
-0.002092548,,-0.010204082
-0.001679783,,0
-0.001783343,,-0.005154639
0,,0.031088083
0,,-0.025125628
-0.000762452,,0
0,,0
0,,-0.005154639
-0.001585912,,0
-0.002150377,,0.010362694
0,,0
0,,0
-0.010148073,,-0.005128205
-0.003792864,,-0.010309278
0.005577701,,-0.005208333
0.001086636,,0
-5.29491E-05,,-0.020942408
0,,-0.005347594
0,,0.010752688
-0.001225458,,0
-0.003074977,,0
0,,0.021276596
-0.001280128,,0
-0.004788565,,-0.005208333
0,,0
0,,-0.005235602
-0.008705988,,0
-0.00991206,,0
-0.004777851,,0
-0.00912815,,0
-0.010677196,,0.026315789
0,,-0.01025641
0,,0
0.00463388,,0.005181347
0.002244673,,0
0.004693347,,-0.010309278
0.003645603,,0
-0.000369526,,-0.010416667
0,,0.005263158
0,,0
0.000692134,,-0.005235602
-0.003666559,,0
-0.002906965,,-0.005263158
0.001099718,,0
0.003192793,,-0.026455026
0,,0.010869565
0,,0
0.001721299,,-0.005376344
-0.005324106,,0
-0.005392136,,0
-0.005500861,,0
0.000699404,,0.005405405
0,,-0.005376344
0,,-0.010810811
-0.000702909,,0
-0.001007146,,-0.005464481
0.001360218,,-0.005494505
0.002564922,,0
-0.000215189,,-0.016574586
0,,-0.050561798
0,,-0.00591716
-0.002606741,,0.035714286
-0.011029676,,0.005747126
-0.007960432,,-0.022857143
0.001368613,,0
-0.001517247,,0.01754386
0,,0.005747126
0,,-0.011428571
-0.00872215,,-0.011560694
-0.009205757,,0.011695906
-0.004463138,,0
-0.006099746,,0
-0.002821259,,-0.005780347
0,,0.005813953
0,,0
0.007142467,,0.011560694
0.002784132,,0.005714286
0.001073931,,-0.017045455
0.002178821,,0
0.000962572,,0.011560694
0,,0.005714286
0,,-0.005681818
0.00079999,,0
4.14171E-06,,0
0,,-0.017142857
0.005566439,,0
0.00247538,,-0.011627907
0,,0.005882353
0,,0
0.007555713,,0
0.002585318,,0
0.002542045,,0.011695906
0,,0
0,,0.011560694
0,,0.005714286
0,,-0.005681818
0,,0
0.003290194,,0
0.01314188,,0
0.013127068,,0
0.010869051,,0
0,,0
0,,0.005714286
0.005144213,,0
-0.008642248,,-0.005681818
0.006496148,,0
0.005980159,,0
0,,0.005714286
0,,0
0,,-0.011363636
0.015245857,,0.005747126
-0.002526281,,-0.005714286
0.009646302,,0
0.003275381,,0
-0.000613776,,-0.005747126
0,,0
0,,-0.011560694
0.012610868,,0.001169591
0.009369198,,0.007009346
-0.001710467,,0
0.013271444,,0
0.025222211,,0
0,,0
0,,0
0.024758106,,0
0.013125809,,0
-0.01432186,,0
-0.004227338,,0
0.01504861,,0.006960557
0,,0.004608295
0,,0.004587156
-0.008096637,,-0.002283105
-0.00014898,,0.004004577
0.005388342,,0.001709402
0.000634174,,0
-0.006434169,,0.006825939
0,,-0.005649718
0,,0.004545455
-0.009977224,,0.013574661
0.003438628,,0.011160714
0.011348369,,0.004415011
0.009209387,,0
0.008677457,,0.024175824
0,,-0.002145923
0,,0.016129032
0.016629381,,-0.006878307
0.007295133,,-0.000426212
0.015408091,,-0.004370536
-0.001994986,,0
0.00436704,,0.006423983
0,,0.004042553
0,,0.025217207
0.012107553,,0.008681273
0.001233866,,-0.011782787
0.001967259,,0.001036807
0.003532833,,0
-0.007969564,,0.00569653
0,,0.004119464
0,,0.020512821
0,,-0.017889447
0.003966926,,0.004195661
-0.015019884,,0.000203811
0.006627278,,0
0.011072937,,-0.018848701
0,,0.005503634
0,,0.010017557
-0.002007487,,-0.00204499
-0.006550267,,0.002561475
-0.0011865,,0.001021972
0.007621341,,0
0.003889168,,-0.003369066
0,,0.002868265
0,,-0.011235955
-0.002422111,,-0.01446281
0.000348684,,-0.002096436
-0.00558979,,0.00105042
0.001427813,,0
0.003808496,,0.002098636
0,,0
0,,-0.004188482
0,,-0.001051525
0,,0.001052632
0.011177402,,0.001051525
0.012945721,,0
0.010038072,,-0.007352941
0,,0
0,,-0.001058201
0.012430619,,-0.002118644
0.011361727,,-0.001061571
-0.002953478,,0
0.001747653,,0
0.00630416,,0.006376196
0,,-0.003167899
0,,0.003707627
0.011357525,,0.017414248
-0.001405233,,-0.002904564
0.004409061,,0.007594673
0.00383581,,0
-0.005998767,,0.005162623
0,,0.003287108
0,,0.012900584
0.007786386,,-0.0076822
0.004170925,,-0.003259652
0.016972271,,-0.000510986
0.012596086,,0
0.018643431,,0.001022495
0,,0.001532176
0,,0.003059663
0.007824232,,0.007117438
0.021886489,,0.003028773
0.019044619,,0
-0.004375085,,0
0.011569186,,0.014594867
0,,0.031746032
0,,-0.021634615
-0.004666815,,0.002948403
-0.013452092,,-0.005879471
0.020053184,,-0.003647117
0.003338563,,0
-0.008910943,,0.01157499
0,,-0.010757946
0,,0.006623826
0,,-0.007071302
-0.015657994,,-0.009396637
0.000483014,,-0.011982027
0.006421788,,0
0.003390058,,-0.009095503
0,,-0.00917899
0,,0.008749357
0,,-0.000612245
0.009206362,,0.007759853
0.00784678,,-0.002532928
0.00619704,,0
0.000649813,,0.009243271
0,,-0.008252818
0,,0.007712604
-0.011597763,,-0.002014099
-0.007158519,,-0.002825429
-0.009094388,,0
-0.018543451,,0
0.017481008,,-0.00050597
0,,0.000101245
0,,-0.000303705
0.004724215,,0
-0.018348231,,-0.024303797
-0.001320691,,0.002075765
0,,0
-0.003266557,,-0.006214397
0,,-0.001250651
0,,0.000208703
0.006743282,,-0.002503912
-0.00109235,,-0.000104592
-0.008544335,,0.003138075
0.001605066,,-0.000312826
0.01116815,,-0.010117868
0,,-0.000842993
0,,-0.00390213
0.035003644,,-0.003705664
0,,0.011477152
0.00494171,,0.008615255
0.006404613,,0
-0.000742752,,-0.000625
0,,0.001667709
0,,-0.010197711
0.00113438,,-0.003364172
0,,0.001054852
0,,0.014752371
0,,0
0,,0.016614746
0,,-0.006128703
0,,-0.005858171
0,,0.00196423
0,,-0.00196038
-0.033749664,,-0.00186085
0.005975808,,0
0.006328878,,-0.004142931
0,,-0.01300052
0,,-0.004214963
-0.009901723,,0.015873016
-0.007511245,,0.001041667
-0.000540962,,-0.001768991
-0.004989781,,0
-0.000690111,,-0.001355155
0,,-0.005949896
0,,-0.001365116
-0.009194288,,0.006309148
0.01408751,,-0.001044932
0.002530929,,0.001359833
0.001976077,,0
0.01959569,,0.007730074
0,,0.003420753
0,,-0.009297521
-0.003781708,,-0.00729927
-0.008955224,,-0.00052521
0.013986033,,0.00262743
0,,0
0,,0
0,,-0.001048218
0,,0.002098636
0,,-0.004188482
0,,0.001577287
0.014771022,,-0.001574803
0.019389886,,0
0.009928566,,0.002628812
0,,-0.000524384
0,,-0.00293809
-0.000679385,,0
0.006934443,,0
0,,0.000841928
0,,0
0.004020985,,-0.003470032
0,,0.004326264
0,,0.000210128
-0.00041842,,-0.004201681
-0.005441743,,0.00443038
0.003813026,,-0.00042008
0.013442148,,0
-0.001812513,,0.005463333
0,,-0.00292581
0,,-0.0002096
-0.006851208,,0.001048218
0,,-0.00104712
0.009084518,,0
0.005265749,,0
-0.002137877,,-0.006289308
0,,-0.001054852
0,,-0.003167899
-0.004832186,,0.000847458
-0.000591852,,-0.003492803
0.012557154,,-0.007116304
0.013359132,,0
0.011268811,,0.003423192
0,,0.002665245
0,,0.000531632
0.006720187,,0.002125399
0.004079367,,-0.000530223
0.016100612,,0.004244032
0.018572841,,0
0.012337962,,0.003697834
0,,-0.002105263
0,,0.001054852
0.010252127,,-0.00337197
-0.002129187,,-0.000528653
0.001020092,,0.001375225
-0.005262139,,0
-0.000521169,,-0.004859497
0,,0.001061571
0,,-0.000742312
0.009119616,,-0.001379603
0.009341027,,-0.001275239
-0.012066988,,-0.001064056
-0.018557316,,0
-0.006000589,,-0.016829996
0,,0.001083424
0,,0.006493506
-0.012841908,,0.000537634
-0.011674122,,0.007522837
0.005886147,,-0.0112
-0.004450918,,0
-0.001831728,,-0.010248112
0,,-0.000544959
0,,0.000545256
0.016550873,,0.008719346
0.009787238,,0.001620746
0.004474981,,-0.006472492
0.008084829,,0
0.015704875,,0.015743757
0,,0.003955104
0,,-0.001277683
-0.004807117,,-0.004797441
0.006734883,,0.001606856
0.007562799,,-0.001390374
0,,0
0,,-0.007389954
0,,0
0,,0.001294778
-0.002232946,,0.009159483
-0.006355494,,0.001067806
0.00016372,,0.01088
0.007673675,,0
0.002601343,,-0.009707713
0,,0.001598295
0,,0
0.020837758,,-0.00106383
0.025615783,,0.002662407
0.010730291,,-0.001062135
0.009352176,,0
0.002742759,,-0.002870813
0,,0.001279591
0,,-0.002129925
-0.007443251,,0.002134472
0.001657992,,-0.002129925
0,,-0.002347919
1.43935E-05,,0
0.01631578,,-0.006204536
0,,0
0,,0.002152853
0.021115818,,-0.000214823
0.016845284,,-0.00193382
0.017980838,,-0.005059203
-0.007614257,,0
0.017146836,,-0.011143568
0,,-0.001094092
0,,0
0.029244169,,0
0.009160333,,-0.014238773
-0.002703803,,0.003333333
-0.001691484,,0
0.009819526,,0.004208195
0,,0.000220556
0,,-0.005512679
-0.005921587,,-0.001108647
-0.008126977,,0.004994451
0.003878546,,-0.001656543
-0.005021162,,0
0.003650739,,0.012168142
0,,-0.000546448
0,,-0.001640241
0.007936275,,0.004381161
0.004292307,,0
0.004143293,,-0.003271538
0.011079101,,0
0.008649969,,0
0,,0
0,,0.009846827
-0.002410224,,0.006500542
0.004647337,,0.009687836
-0.002682492,,0
0,,0
0.013616973,,0.007462687
0,,0.012698413
0,,-0.00522466
0.004005723,,0.003151261
-0.002313702,,0.00104712
0.002645623,,0.001046025
0.004641571,,0
0.00797817,,-0.008359457
0,,0.008956797
0,,0.005744125
0,,0.009345794
0.012852882,,0.008230453
0.012205828,,0
0.002456017,,0
-0.002424898,,0
0,,0.025510204
0,,-0.010945274
0.013420522,,0.001006036
-0.007806629,,-0.004020101
0.001895273,,0.009081736
-0.003735084,,0
-0.009131191,,-0.004
0,,0
0,,0.001004016
0.004574775,,0
0.027046587,,-0.01003009
-0.007896867,,0.001013171
-0.011166685,,0
-0.021258972,,0.00708502
0,,0.001005025
0,,-0.008032129
-0.00283003,,0
0.008468079,,-0.008097166
0,,-0.003061224
-0.001593376,,0
-0.013852779,,0.004094166
0,,0
0,,0.001019368
-0.011213134,,0.011201629
-0.005143136,,0
-0.00284973,,-0.005035247
0.020250581,,0
0.016741593,,0.008097166
0,,-0.004016064
0,,-0.003024194
-0.000804535,,0.003033367
0.004793883,,0.001008065
-0.000887199,,0.005035247
0.011761197,,0
0.015295017,,0.021042084
0,,0.008832188
0,,0.006809339
0.017794079,,0.002898551
-0.005506947,,0.001926782
0.019407784,,-0.000961538
0.001675548,,0
0.004765895,,0
0,,0.005774783
0,,-0.001913876
0.021874729,,-0.004793864
0.009790495,,0.001926782
0.00598664,,-0.008653846
0.009586138,,0
0.0023572,,0.001939864
0,,-0.000968054
0,,-0.006782946
0.002350153,,0.00097561
0.005026807,,-0.010721248
0.000311951,,-0.00591133
0.007262163,,0
0.014093708,,-0.028741328
0,,0.004081633
0,,0.007113821
0.01813263,,0.003027245
0.01798043,,0
0.007337438,,-0.003018109
0.017988913,,0
0,,0.00605449
0,,-0.002006018
0,,-0.007035176
0.022565371,,-0.017206478
-0.014297178,,0.010298661
0.004096237,,0.01019368
-0.008668314,,0
0.000460288,,-0.020181635
0,,0.007209063
0,,0.006134969
0.007265378,,0
-0.018500066,,0.011178862
0.000198058,,-0.005025126
0.013400207,,0
0.005058552,,0
0,,-0.003030303
0,,0.002026342
-0.000658027,,-0.008088979
0.003560312,,-0.001019368
-0.000429734,,-0.001020408
0.009538237,,0
0.019218653,,-0.020429009
0,,0.003128259
0,,-0.005197505
0.014382743,,-0.003134796
0.002066011,,-0.01572327
-0.002867001,,0.001064963
0.00045645,,0
0,,-0.029787234
0,,0.006578947
0,,0.004357298
0.009621371,,0.014099783
-0.005909382,,-0.002139037
0.001476414,,0.00750268
0.010525281,,0
0.003777738,,0
0,,0
0,,0
0.005758747,,0
0.012976477,,0
0.016472997,,0
0.004936661,,0
0.006248928,,0.005319149
0,,-0.011640212
0,,0.004282655
0.014937893,,-0.002132196
0.012335802,,0
-0.008169867,,0
0.000835066,,0
0.005219878,,0.004273504
0,,0.023404255
0,,-0.002079002
0.005696257,,0.002083333
0.005414503,,-0.007276507
0.001917524,,-0.004188482
0.007591302,,0
0.006447354,,0.022082019
0,,0.004115226
0,,-0.007172131
-0.008404511,,-0.007223942
0.014389873,,0.004158004
0.012513789,,0.002070393
-0.004784765,,0
0.000400267,,-0.002066116
0,,0.003623188
0,,-0.005673027
-0.00877044,,-0.002074689
0.000670446,,-0.003118503
0,,-0.004171011
0.012633396,,0
0.000862512,,-0.007329843
0,,0.003164557
0,,0.001051525
-0.005030009,,0.006302521
-0.003665078,,0
0.000303001,,-0.009394572
0,,0
0.00979829,,0
0,,-0.002107482
0,,-0.002111932
0.006998504,,-0.001058201
0.006451366,,0.001059322
-0.001617866,,-0.004232804
-0.006788591,,0
-0.007656407,,-0.001062699
0,,-0.004787234
0,,-0.001603421
-0.003145236,,-0.001070664
-0.027002245,,0.011789925
0.019793473,,0.002118644
-0.000113531,,0
-0.01617556,,0
0,,0.002642706
0,,-0.001581444
-0.008412134,,-0.007391763
0,,0
-0.015672,,-0.004255319
-0.004632868,,0
-0.014717611,,-0.00534188
0,,0.003222342
0,,-0.001070664
0.007821653,,-0.004287245
-0.009391523,,-0.002152853
-0.012605334,,0.003236246
0.009680738,,0
0.014129567,,0
0,,0
0,,0.003225806
0.016507645,,-0.000535906
-0.00615578,,0
-0.005846017,,0
0.000210444,,0
-0.010810915,,-0.015549598
0,,-0.004901961
0,,0.001642036
-0.014531577,,0.002185792
-0.001613214,,0.00436205
-0.008762242,,-0.003257329
0,,0
-0.013782351,,-0.008714597
0,,-0.003296703
0,,-0.002205072
0.000229988,,0.002209945
0.007738217,,-0.004410143
0.01154891,,0
-0.00309718,,0
0.006838944,,0.014396456
0,,-0.006004367
0,,-0.006040637
0.004259969,,-0.002209945
-0.000842232,,0.004983389
-0.005077341,,0.002754821
-0.009233102,,0
-0.003952367,,-0.001098901
0,,0.00330033
0,,-0.004385965
0.003981837,,-0.003303965
-0.00648399,,-0.002209945
-0.013174494,,-0.007751938
-0.005913129,,0
0.004831394,,-0.002790179
0,,-0.006155568
0,,-0.016891892
-0.002789041,,-0.001145475
-0.009129362,,0
-0.003835293,,0.001146789
-0.008249201,,0
1.04462E-05,,0.013745704
0,,-0.020338983
0,,0.008073818
0.007928611,,0.02402746
0.008314484,,-0.005586592
0.007500732,,-0.01011236
0.007040637,,0
0.000600241,,0
0,,0
0,,-0.030646992
0,,0.015222482
0,,-0.008073818
0,,0.008139535
5.3154E-05,,0
-0.005070875,,0.010380623
0,,-0.001141553
0,,0.002285714
-0.004827065,,0.002280502
0.002933293,,-0.001137656
0.003467603,,-0.007972665
0,,0
0,,0.009758898
0,,-0.001705514
0,,-0.003416856
-0.002458684,,-0.001142857
-0.011620964,,-0.003432494
-0.002787406,,0.000574053
0.005161557,,0
-0.005055379,,0.006310958
0,,-0.001710376
0,,0.002284409
-0.011917386,,0
-0.020671355,,0.012535613
-0.012641383,,0.000562746
-0.001714127,,0
0.004257469,,-0.001124859
0,,0.002252252
0,,0.003932584
-0.007034685,,0.000559597
0.007069585,,0.006711409
0.011802859,,0.01
0.009328943,,0
0.003237592,,0.02750275
0,,0.007494647
0,,-0.004250797
0.018736386,,-0.009605123
0.006715407,,-0.015086207
0.002660288,,-0.004376368
0.00025726,,0
0.000167624,,0.001098901
0,,0.008232711
0,,0.001633097
-0.002883666,,0.006521739
-0.004743453,,-0.003779698
0.002512592,,-0.00596206
-0.000603105,,0
0.000451637,,0.002181025
0,,0.00054407
0,,-0.00435019
0.002298321,,0.003823048
-0.002534162,,-0.005440696
-0.001769119,,-0.003282276
0,,0
0.000200139,,0
0,,0.001097695
0,,-0.001096491
-0.009208415,,0
0.001286657,,-0.001097695
-0.006055908,,-0.001098901
0.001372018,,0
0.001738118,,0.00990099
0,,-0.002178649
0,,-0.000545852
-0.000831078,,-0.006007646
-0.004040207,,0.001098901
-0.002383692,,0
0,,0
-0.00188553,,0.010976948
0,,0.000542888
0,,-0.002712968
-0.005009971,,0.003264418
-0.015112199,,-0.006507592
0.00258373,,-0.001637555
0.005020338,,0
0,,0.008201203
0,,-0.001084599
0,,0.002171553
0.002911683,,0.006500542
0.000311961,,0.005382131
-0.001488984,,0
-0.005376044,,0
-0.004509819,,0.005353319
0,,0.004259851
0,,0
-0.013197457,,-0.003181336
-0.012024593,,0.010638298
0.001609483,,0.007368421
-0.001524422,,0
0.002637738,,-0.008359457
0,,0.001053741
0,,-0.012631579
0.001914057,,0.006929638
-0.000936014,,0.000529381
-0.004880612,,-0.002645503
-0.002763806,,0
-0.001306252,,0
0,,0.000530504
0,,0
-0.008137035,,0.002120891
-0.009653652,,0.00952381
-0.008858648,,-0.011530398
0.001160055,,0
0.006438228,,-0.006362672
0,,0
0,,-0.003735326
0.018204906,,-0.00374933
-0.002858655,,-0.005376344
-0.000610057,,-0.006486486
0.015412297,,0
0.005361178,,-0.010881393
0,,0.00220022
0,,0.004390779
0.001807496,,-0.002185792
-0.004390258,,0.002190581
0.001657874,,-0.002185792
0.001511977,,0
0.00416425,,0
0,,0
0,,0
0,,0
-0.000187082,,0
0.001895575,,0
0.008600564,,0
0.00485334,,0
0,,0
0,,0
-0.000631612,,0
0.000100213,,0
0.002000056,,0
0,,0
0,,0
0,,0
0,,0
-0.002088067,,0
-0.002720434,,0
0.000966004,,0
-0.000160622,,0
-0.001127213,,0.007667032
0,,0.001086957
0,,0
-0.002884204,,-0.001085776
1.20971E-05,,0.002173913
0.001997339,,0
-0.001252891,,0
-0.001224914,,0
0,,-0.001626898
0,,-0.003802281
-0.004195635,,-0.0087241
-0.001332865,,0.00770077
-0.000615261,,-0.001091703
-5.68283E-05,,0
4.19471E-05,,0.002185792
0,,0.001090513
0,,0.004357298
-0.00051011,,0.003796095
-0.004582499,,0.002701243
-0.0003604,,0.003232759
0.000514265,,0
-0.003105759,,0.010741139
0,,0.002125399
0,,-0.008483563
-0.005055079,,0
-0.002233287,,-0.003208556
-0.006033342,,0
-0.00148466,,0
-0.001535322,,-0.001072961
0,,0.003222342
0,,0.00856531
-0.004129143,,-0.001061571
-0.002204008,,0.005844846
0.002088874,,0.002113048
0.001611082,,0
-5.14383E-05,,0.017395888
0,,-0.005699482
0,,-0.002605524
-0.006132598,,0
-0.001389083,,0
0.000219929,,-0.029258098
8.40308E-05,,0
0.000492939,,-0.016146394
0,,0.008752735
0,,-0.003253796
2.09956E-05,,-0.001088139
0.001409474,,0.010893246
0.001955391,,0.004849138
0.000563571,,0
0.000864399,,0.009115282
0,,-0.006376196
0,,0.009625668
0,,0.012711864
-0.002008689,,-0.006276151
0.00035174,,-0.001578947
-6.69745E-05,,0
-0.000333499,,-0.002108593
0,,0.000528262
0,,0.00844773
0.000414571,,0.00104712
0,,-0.00209205
0.002137572,,0
-0.001453567,,0
0.000903528,,0.033018868
0,,-0.010147133
0,,0.009738596
-0.000167169,,-0.008121827
0.000275875,,-0.003070624
0,,0
0.001416602,,0
0.001187873,,0.031827515
0,,-0.0039801
0,,-0.025974026
0.000527935,,0.001025641
0.003669987,,0.006659836
0.01753852,,0.000508906
0.007622171,,0
0.000318449,,0.003051882
0,,0.002535497
0,,-0.008598887
0.000323743,,0.01122449
-0.002912747,,0.020181635
0.000266429,,-0.004945598
-7.16599E-05,,0
0.002648901,,-0.006461233
0,,-0.006503252
0,,0.009063444
0.011823156,,0.004491018
0.004606293,,-0.002483855
0,,0
0,,0
0.01052626,,0.006972112
0,,-0.00148368
0,,0.002476474
0.003330848,,0.001976285
0.001740371,,-0.00147929
9.53581E-05,,-0.001975309
0.001922655,,0
-0.001263232,,-0.000494805
0,,0
0,,0.002970297
-0.008673678,,-0.004935834
-0.000226475,,0
0.000487295,,0.006944444
-0.007384844,,0
-0.002080753,,0
0,,0
0,,0
-0.002734938,,0
0.004620036,,0
0.007422794,,-0.002955665
-0.01590541,,0
-0.008897392,,-0.004940711
0,,0
0,,0.000993049
-0.011214158,,0.003968254
-0.014414577,,0.006916996
-0.000951662,,0
0.00190791,,0
-0.005513546,,0.002944063
0,,-0.002935421
0,,-0.002944063
-0.002053994,,0.012795276
-0.007563545,,-0.005830904
0.002902909,,0.003910068
7.1452E-05,,0
-0.004744914,,0.005842259
0,,0
0,,0.007744434
0,,0
-0.010576693,,-0.006724304
-0.010654189,,-0.00483559
0.000901604,,0
-0.001591831,,-0.000971817
0,,0
0,,-0.000972763
0.000617314,,0.003894839
0,,0
0.008008628,,0
0,,0
0.000847429,,-0.009699321
0,,0.000979432
0,,0.00146771
-0.006397373,,0.00048852
-0.001139086,,0.004882813
-0.002895487,,0.001457726
-0.002441519,,0
-0.004108036,,0.015041242
0,,0.001912046
0,,-0.004770992
-0.002025518,,-0.002876318
-0.00259624,,-0.002884615
-0.003962034,,0
-0.013037514,,0
-0.008586699,,0.00192864
0,,0.000481232
0,,-0.006253006
-0.01061448,,-0.000968054
-0.010358256,,0.002906977
0.007403145,,-0.004830918
-0.001040945,,0
0.000162296,,-0.004854369
0,,0.002926829
0,,0.003404669
0.000541404,,-0.007270965
0.005220128,,0.000976563
-0.007302495,,-0.011707317
-0.004107207,,0
-0.00816593,,-0.003948667
0,,0
0,,0.00099108
1.53776E-05,,-0.002475248
0.001145613,,-0.00942928
0.000139774,,0.009018036
0.000208863,,0
0.001976112,,-0.005958292
0,,-0.003996004
0,,0.004012036
0.004413347,,0
1.67825E-05,,0
0.000157142,,0.001498501
0.000631521,,0
0.003800456,,0
0,,0.009476309
0,,-0.004940711
-0.000903614,,-0.002979146
-0.006391821,,0.011952191
-0.006868941,,0.00246063
-0.001186117,,0
0,,0.010800196
0,,-0.000485673
0,,0.002915452
0.001412693,,0
-0.000107805,,0
0.001055059,,0.015503876
-0.002800267,,0
-0.001400979,,-0.005725191
0,,-0.000479846
0,,-0.009121459
0.002265107,,-0.003875969
-0.002264613,,-0.000486381
-0.00069066,,0.000486618
-0.002294514,,0
-0.00737049,,0.032101167
0,,0.008482564
0,,0
-0.001550303,,0.001869159
-0.001421363,,0.012126866
0.001507944,,0
0.000384627,,0
0.000506387,,0.013824885
0,,0.000909091
0,,0.000908265
-0.001599623,,0
-0.001638172,,0
0.001026517,,0
-0.000314684,,0
0.003401542,,0.015880218
0,,0.000446628
0,,-0.002678571
0.008431324,,-0.008952551
0.005776124,,-0.007226739
0.002166687,,0
-0.055151033,,0
0.016201037,,-0.006369427
0,,-0.001831502
0,,-0.004587156
0,,0.002304147
0,,-0.002758621
0,,0.001383126
0,,0
0.005608508,,0.002302026
0,,-0.002296739
0,,-0.001841621
0.011761956,,0.007380074
0.023256728,,0.004578755
0.001155148,,0.011394713
0.008509385,,0
0,,0
0,,0.004957188
0,,0
0.031466749,,0.012556054
0.033580637,,-0.007085917
0.01083558,,-0.000892061
-0.009453088,,0
0.007414016,,-0.013392857
0,,0.001809955
0,,0.000903342
-0.009301885,,0.003610108
-0.017694578,,0.010791367
-0.00480171,,-0.004448399
0.000125625,,0
-0.005655337,,-0.00893655
0,,0.000901713
0,,0.001801802
-0.010028041,,0.006294964
-0.000120184,,0.000893655
-0.005407467,,0.000892857
-0.001791898,,0
-0.004910035,,-0.005352364
0,,0
0,,-0.001345291
-0.000483663,,0.002245173
-0.004924628,,-0.005376344
-0.009620119,,0.00045045
-0.001017103,,0
0.001898897,,0.001800991
0,,0.000449438
0,,0.001796945
0,,0.00044843
-0.008301834,,-0.004930524
-0.010288641,,0.000900901
-0.003835676,,0
-0.001776409,,0.00810081
0,,0
0,,-0.003571429
-0.005983416,,0.006272401
-0.012286992,,0
0.002768119,,0.001780944
0.003919529,,0
0.003401984,,-0.008888889
0,,0.001345291
0,,0
0,,0.000447828
-0.001037282,,0
0.000902853,,0.000895255
0.001922144,,0
0.000922305,,-0.004472272
0,,0.000898473
0,,0.000897666
-0.004337275,,0
-0.001001146,,0.002690583
0.002097412,,0.003577818
-0.001318179,,0
-0.000171889,,-0.002673797
0,,0
0,,0.000446828
0.000283902,,-0.00223314
-0.003022701,,-0.00179051
6.32627E-06,,-0.00044843
0.000955261,,0
0,,0.000897263
0,,0.001344688
0,,-0.000895255
0.000132724,,-0.01702509
-0.001742562,,-0.005469462
-0.003706441,,-0.001833181
-0.010097994,,0
9.14672E-05,,-0.005050505
0,,0.000461467
0,,0.002767528
0.003980867,,0
0.001312105,,0
-0.00337572,,0
0.001878549,,0
0.015861801,,-0.001839926
0,,0
0,,0.002764977
0.004473544,,0.003216912
-0.000397896,,0.003206596
0.007302896,,-0.000913242
0.008746614,,0
0.000323882,,0.002285192
0,,0.000455996
0,,0.006381039
-0.000720018,,0.003623188
-0.007811729,,0.005415162
0.000415199,,-0.005385996
0.009226962,,0
-0.000959542,,0.001805054
0,,0.005405405
0,,-0.003584229
0.015361253,,0.004496403
-0.001017296,,0.008952551
0.00342129,,-0.005323869
0.011211924,,0
0,,0.001784121
0,,0.003116652
0,,-0.007545495
0.000850819,,0
0.012434148,,0.010733453
0.022902783,,-0.004424779
0.003465513,,0
-0.008726034,,-0.015111111
0,,0.000902527
0,,0.000901713
0,,0
0,,0.001801802
-0.009901206,,0.001798561
-0.001399884,,0
-0.005974746,,-0.011669659
0,,0
0,,0.000908265
-0.009018944,,0.007259528
-0.000848793,,-0.000900901
-0.007980054,,-0.000450857
0.000689292,,0
0.004373537,,-0.00586378
0,,0.00907441
0,,0.002697842
0.000786145,,0.00896861
-0.004542591,,0
0.001445953,,-0.008888889
-0.002716629,,0
7.97644E-05,,0.014349776
0,,0.004420866
0,,0
-0.006770402,,0
-0.000418175,,0.003521127
-0.001062548,,-0.000877193
0,,0
-0.002998328,,-0.000877963
0,,-0.000878735
0,,0.002638522
-0.005961422,,0.002631579
-0.00129681,,0.001749781
0.001126793,,-0.004366812
-0.001734992,,0
0.000458662,,0
0,,-0.000877193
0,,0
9.04637E-05,,0.000877963
-0.005234157,,0.007894737
-0.003552494,,-0.001740644
-0.006997301,,0
-0.000269466,,0.009590235
0,,0.007772021
0,,0.023993145
0.004164602,,0.019246862
0.00025756,,-0.023809524
-0.003749164,,0
0.000400149,,0
0.000365749,,-0.042893188
0,,0.003514938
0,,0.014010508
0.00345701,,-0.001727116
0.000125586,,0.006920415
0.000204634,,0.007731959
-6.66473E-05,,0
-0.016187084,,0.015345269
0,,-0.009235936
0,,0.005932203
0.000285174,,0.00168492
-0.008577972,,0
0.000748289,,0.011774601
-0.007172487,,0
-0.004347694,,-0.02078138
0,,0.008488964
0,,-0.000841751
-0.00030835,,-0.00168492
-0.011065451,,0.000843882
-0.003814227,,-0.00084317
0.004119092,,0
0.001773395,,-0.012658228
0,,0.005982906
0,,0.008496177
-0.002494893,,-0.00084246
0.000500552,,-0.004215852
9.58369E-05,,-0.00211685
0.000164044,,0
-0.001307266,,-0.002121341
0,,0.00127551
0,,-0.00552017
-0.004552964,,0.016225448
-0.000896789,,-0.005882353
0.001162458,,0.008453085
-0.000401734,,0
0.002968469,,0.00293378
0,,0.001671542
0,,0.010429704
8.14442E-05,,0.004128819
-0.001773711,,-0.009046053
0.000141953,,0.000829876
0.002243195,,0
0.008757366,,-0.00331675
0,,0.001663894
0,,-0.014950166
0.013314077,,0.005902192
0.00438396,,-0.003352892
0.000916407,,0.008410429
0.000174243,,0
0.000552729,,-0.005838198
0,,0.000838926
0,,0.000838223
0,,-0.000837521
-0.005994355,,0.004610226
7.96211E-05,,0.002085941
0.001934639,,0
7.31042E-05,,0.006661116
0,,0.006617039
0,,-0.00903862
0.000413167,,-0.001658375
-0.000179495,,-0.004152824
-0.001132767,,0
-0.000911377,,0
0.001803721,,0.00500417
0,,-0.001659751
0,,0.003325021
0.001150523,,-0.003314002
-2.22221E-05,,-0.012468828
0.000601598,,0.006734007
0.000118978,,0
0.000183998,,-0.001672241
0,,0.013400335
0,,0.009090909
0.00011577,,-0.006552007
0.000304456,,-0.009068425
0.000324972,,0.006655574
-0.001389793,,0
-0.00224549,,-0.009090909
0,,0
0,,0
0.000281517,,0
0.000566055,,0
-0.002051584,,0
-0.001191123,,0
-0.000821069,,0.001668057
0,,0.000832639
0,,0.007487521
-0.000580805,,-0.000825764
6.22653E-05,,-0.001652893
0.000146873,,-0.000827815
-0.001549922,,0
0,,0
0,,0
0,,-0.0008285
0.000425252,,0.006633499
-0.002630326,,-0.000823723
-0.000591221,,-0.002473207
0.000296587,,0
0.000251624,,-0.003305785
0,,-0.001658375
0,,-0.00166113
0,,-0.000415973
-0.001579862,,0.005409904
-0.001521379,,0.002483444
0.000233055,,0
-0.001324086,,0.005780347
0,,0.00410509
0,,0.004088307
-0.006606682,,-0.003257329
-0.003694609,,-0.004084967
0.000180457,,-0.001230517
-0.001727848,,0
0.000120491,,0.005338809
0,,0.00245098
0,,-0.004889976
0.0003191,,0.000819001
0.000249014,,0
0.000261969,,0
0,,0
0.003619434,,-0.000818331
0,,0.000819001
0,,-0.002864157
6.48338E-05,,-0.005334428
0.000223662,,0.001650165
0.000197686,,-0.003294893
0.005236026,,0
0.00938607,,-0.010743802
0,,0.000835422
0,,0.005008347
0.000431091,,0
-0.003156779,,0.002906977
0.005246474,,0.001242236
0.000818619,,0
0.010768602,,0
0,,0.004135649
0,,0.001647446
0.021084186,,0.001644737
0.008850376,,0.009852217
-0.004748586,,-0.001626016
0.015338003,,0
0.006721306,,-0.00732899
0,,-0.001640689
0,,-0.002465078
0.00597784,,-0.001647446
0.011644196,,-0.007425743
0.016495399,,0.000831255
0.031109175,,0
0.000160564,,0.002491694
0,,0.001657001
0,,-0.00165426
0.005392122,,-0.004142502
-0.00385327,,0
0.025225398,,0
0.011146191,,0
-0.000561542,,0.00249584
0,,0
0,,0
0.005701366,,0.001659751
0.006276297,,-0.0008285
0.016286863,,-0.001658375
0.031872247,,0
-0.008968122,,-0.004152824
0,,0.004170142
0,,-0.002906977
-0.011660961,,0.000416493
0.001506641,,0.003330558
0.008708167,,-0.002489627
-0.003053855,,0
0.009682232,,0.012479201
0,,0.004108463
0,,-0.006546645
-0.004667716,,0.000411862
-0.003665157,,-0.002881844
0.004496346,,0.001651528
0.001458992,,0
0.001791483,,0.001648805
0,,0.000823045
0,,0
0.004985856,,0
-0.006321242,,0.000822368
-0.002504702,,0.000821693
0.00141477,,0
0.000629759,,0.002463054
0,,-0.001638002
0,,-0.003281378
0.004176443,,-0.000823045
0.000908716,,-0.001235585
0.000838742,,0.000412371
0.000785582,,0
0.001178727,,-0.00370981
0,,0.003309888
0,,0.000412371
0.013462781,,0
0,,0
0.010964324,,-0.002473207
-0.002482654,,0
0.002270186,,0.000826446
0,,-0.000825764
0,,-0.000826446
0,,-0.00082713
0,,0
0,,0
0,,0
0,,-0.002483444
0,,-0.000829876
0,,-0.00166113
0.012230239,,0.00249584
0.000747534,,0.00746888
-0.00400315,,0.002059308
-0.004625894,,0
0.011408704,,0.005343198
0,,-0.001635323
0,,-0.001638002
0.000682373,,0.001640689
-0.008381574,,0.000819001
0.00024118,,0.000818331
0.001159856,,0
-0.002631972,,-0.000817661
0,,-0.003273322
0,,0.001231527
-0.001222249,,0.002050021
-0.004632127,,-0.000818331
-0.000241653,,0.002866503
-0.001886343,,0
-0.006620921,,0
0,,0
0,,0
-0.020029078,,0
-0.006017793,,0
0.011859472,,0
-5.48222E-05,,0
-0.002064232,,0
0,,0
0,,0
0.000159705,,0
0.002129489,,0
0.003059336,,0
-0.003732443,,0
0.000128835,,0
0,,0
0,,0
0.000124992,,0
-0.000401711,,0
-0.001246442,,0
-0.00307848,,0
-0.00013582,,0
0,,0
0,,0
-0.007815844,,0
-0.004889963,,0
0.00078655,,0
-0.006166843,,0
-0.008456174,,0
0,,0
0,,0
0.0020689,,0
-0.003630174,,0
0.001547522,,0
0.00411026,,0
0.001578129,,0
0,,0
0,,0.015108207
0.000458035,,0.004022526
0,,0.002003205
0.002168786,,0
0.001025921,,0
0.002088856,,0
0,,-0.005197921
0,,0.002411576
-0.002111827,,0
-0.003958764,,0.001202887
0.00058256,,-0.000400481
-0.003757613,,0
-0.000789291,,0
0,,0
0,,-0.001201923
0,,0.002807862
0.001004151,,0
-0.000420165,,0
-0.003337773,,0
-0.000992428,,0.0192
0,,0.017268446
0,,0.016975309
-0.012519921,,-0.007587253
-0.000432865,,0.00382263
-0.001567809,,0.007616146
-0.009916935,,0
-0.001116824,,-0.009070295
0,,0.000762777
0,,0.003810976
0.000397958,,-0.005694761
-0.011886641,,0.001909126
-0.005656734,,0.000381098
0.002538047,,0
0.011615512,,-0.010285714
0,,-0.000384911
0,,0.004235657
0.002816221,,0.006518405
-0.001471859,,-0.001142857
0,,0.000762777
0.006064263,,0
-0.003366999,,0.004573171
0,,0.003034901
0,,-0.005295008
0.000334051,,-0.000380228
0.001335756,,0.0041841
-0.001582407,,-0.000757576
0.001380715,,0
0,,0.000379075
0,,0.003031451
0,,0.01284473
-0.004492953,,0.002610966
0.000649786,,0.005208333
0.000707657,,0.002220577
-0.001097313,,0
0.000505861,,-0.000369276
0,,0.009974141
0,,0.019019751
0.00128909,,0
0.004428163,,0
3.09993E-05,,0.004307251
0.001564743,,0
0.00269668,,0.011436741
0,,0
0,,0.01130742
0.005640551,,0.000698812
0.003330918,,-0.001396648
0.003758783,,-0.02027972
0.000461132,,0
0.009594537,,-0.011420414
0,,-0.01732852
0,,0
0,,0.000734754
0.004644103,,0.008810573
0.000881435,,0.008005822
0.00577451,,0
0.010543548,,0.007220217
0,,0.005017921
0,,0.016405136
0.005435249,,-0.003508772
0.004834664,,0
-0.004826904,,0.002112676
0.000561763,,0
-0.00227514,,-0.001405481
0,,-0.007037298
0,,0.002126152
0.000363215,,-0.001414427
-9.20494E-05,,0.001416431
-0.004895687,,0.002121641
0.000344346,,0
0.000303125,,-0.012350035
0,,-0.009646302
0,,0.007936508
0.001149216,,-0.001431639
0.001510863,,-0.002150538
-3.84189E-06,,0.000718391
-0.001563657,,0
0.001512234,,0.002512563
0,,0.002506266
0,,0.000714286
-0.00416101,,0.002855103
-0.005702373,,0.006405694
0.000425539,,0.001414427
0.000155146,,0
-0.00222729,,0.016949153
0,,0.011111111
0,,0.027472527
-0.005678469,,0.00868984
-0.003107573,,0.010603048
0.000164685,,-0.03147541
0.001926241,,0
0.000948226,,-0.002031144
0,,-0.001356852
0,,0.002038043
-0.001327822,,-0.000677966
0.000142223,,0.012890095
0,,0
-0.002700545,,0
0.00014782,,0.004018754
0,,-0.006337558
0,,0.006377979
-0.004580442,,-0.000667111
0.000806777,,0.007676903
0.001386433,,0.001656178
0,,0
0.00234161,,0.006613757
0,,0.003285151
0,,0.005239031
0.005971153,,-0.005863192
0.002265062,,0
0.000106381,,-0.00327654
0.000691401,,0
0.002037771,,-0.029257068
0,,0.008465967
0,,-0.006715917
0.002311763,,0.003380663
-0.002469056,,0.012803235
-0.000288532,,-0.00332668
0.001576385,,0
-0.002639971,,0.010013351
0,,0.005617978
0,,-0.001643115
0.000441808,,0.005924951
0.002830983,,0.00065445
0.002834614,,-0.002616089
0,,0
0,,0.012459016
0,,0
0,,0.020725389
0.002978555,,0.01142132
-0.004073882,,-0.005018821
0.001780348,,-0.019546028
0.001831233,,0
0.003114985,,-0.021864952
0,,-0.009861933
0,,-0.006640106
0.003780157,,0
-0.000209218,,-0.010695187
0.002527727,,0.002702703
0.003054644,,0
0.006226454,,0.024932615
0,,0.003944773
0,,0.008513425
0.013131214,,0
-2.11598E-05,,0.01038961
-0.000602446,,0.000642674
-0.007868897,,0
0.000149387,,0.010276172
0,,0.011443102
0,,-0.000628536
-0.005240307,,-0.002515723
-0.001462398,,0.001261034
0.006251145,,-0.001259446
0.003002554,,0
-0.018275651,,-0.000630517
0,,-0.00126183
0,,0.009475679
0.007640451,,0.01126408
0.000477151,,0.014851485
0.00370659,,-0.003658537
-0.001327176,,0
0.000407642,,-0.020807834
0,,0.0075
0,,0.00248139
0.000128677,,0
0,,0
0.000510857,,0
0.000943026,,0
-0.000104542,,0
0,,0.006188119
0,,0.051660517
0.001963832,,-0.000584795
0.001061081,,-0.007606788
0,,0.017099057
0.004921765,,0
0,,0
0,,0
0,,0
0.000511136,,0.002318841
4.24688E-05,,0.007518797
0.000242312,,-0.001722158
0.00935422,,0
0.006325575,,0.025876941
0,,0.082399103
0,,0.028482651
-0.001123652,,-0.110775428
-0.003995052,,0.014156285
-0.00014087,,-0.003350084
-0.002141767,,0
-0.00071339,,0
0,,-0.002240896
0,,0.042111173
0,,-0.030711207
0.000313571,,0.022234575
-0.003663784,,-0.005437738
-0.003613835,,0
0.001592559,,0.003280481
0,,-0.007629428
0,,-0.019769357
-0.001109032,,-0.007282913
-0.003273404,,-0.011851016
0.000843567,,0.009137636
-0.002069624,,0
-0.00136465,,0.019241653
0,,0.024430872
0,,0.00596206
-0.00257492,,0.028017241
-0.007432699,,0
0.000925271,,0.030398323
0.000188682,,0
9.62224E-05,,0.08646999
0,,-0.002340824
0,,-0.112623182
-0.002086306,,0.059227922
8.62654E-05,,0.009985022
0,,0.041028176
0,,0
-0.002679071,,-0.021367521
0,,-0.037845706
0,,-0.037317196
0.003231916,,-0.001571503
0.002502656,,0.016789087
0.0001252,,0.014447884
0.002649099,,0
0.00159661,,-0.013733469
0,,0.011346055
0,,0.015298317
-0.002683217,,0.012556504
0.00014519,,-0.003472222
0.000578151,,0.006470881
-0.012689273,,0
-0.002671931,,0.003461919
0,,0.006899951
0,,0.013705335
-0.004289618,,0.028488653
-9.77944E-05,,0.015023474
0.003464318,,-0.002775208
-3.84735E-06,,0
-0.007189447,,-0.006957328
0,,0.016347501
0,,0
-0.007604489,,0
-0.002733446,,0
0.000817061,,0.025275735
0.001138517,,0
0.000351718,,0.038099507
0,,0.057426598
0,,0.008983258
0.000309924,,0.013759611
0.000141896,,0.006786427
0.001923785,,-0.049960349
0.000332573,,0
0.002448017,,-0.004173623
0,,0.014668902
0,,0.037174721
0.005305119,,0
0.000766761,,0.013540422
0.0005125,,0.01611002
0.001310194,,0
0.000602826,,0.065738592
0,,0.085268505
0,,-0.033433634
0.000210669,,-0.013836043
-0.003709055,,0
0.000203675,,0.063135742
0.000190745,,0
-0.001392946,,-0.052787859
0,,0.035876001
0,,0.002353732
-0.004672427,,-0.003354579
-0.004766961,,-0.040390441
0.000290488,,-0.049456331
0.000139342,,0
-0.00670309,,0.063099631
0,,0
0,,0
0.000389326,,-0.045123221
0.000179518,,-0.026899309
3.79934E-05,,0.012700784
0.00402977,,0
0.001293067,,0.055330136
0,,0
0,,-0.041943376
0.006403557,,0.040131339
0,,0.022799018
0,,0.020576132
0,,0
0,,0.048723118
0,,0.046459468
0,,0.053582364
0.003312184,,0.01453066
0.000220686,,-0.04583214
0.000263216,,0.018012609
0.000325064,,0
0.000464226,,0.119728694
0,,0.149855149
0,,0.061841503
0,,-0.126186368
0,,-0.059244631
0.00041632,,0.091839412
0.000390379,,0
0.000549924,,-0.103340543
0,,-0.005360493
0,,-0.059283212
0.00148282,,-0.110283586
0.000712037,,0.054732775
0.003413802,,0.181623932
0,,0
7.93588E-05,,0
0,,-0.012916559
0,,0.002878828
0.003211216,,0.018267223
0.001127791,,-0.04613019
-0.002857081,,0.017463729
0.001180868,,0
0.004055405,,-0.016107737
0,,0.018786903
0,,0.01317176
0.0081645,,0.005200208
0.001428755,,0.002845318
0.000159923,,-0.006448285
0,,0
0.002152953,,-0.011682243
0,,0.017073811
0,,0.027117769
0.001947314,,0.011817953
0.000416292,,0.00944334
0.000521401,,0.001230921
0.001448139,,-0.001229407
0.000337744,,0.014771049
0,,0.086123241
0,,0.040205495
-0.003398809,,-0.030062272
-0.000457982,,0.01771087
0.001045682,,-0.039155971
0.001428317,,0
0.003345935,,-0.047543582
0,,-0.007130972
0,,0.051472349
0.000208424,,0.010245902
-0.002232288,,-0.01352265
-7.12829E-05,,0.011423349
0.002151145,,0
0.002680664,,0.013553196
0,,0.013371963
0,,-0.001099626
0.009258914,,0.008806693
0.001305987,,0.00327368
-0.000854743,,0
-4.93069E-06,,0
0.000271189,,-0.008701327
0,,0.005486065
0,,0.040375382
-0.002772773,,0.020138452
-0.002570402,,0.118034135
-0.00100727,,-0.038624241
-0.001493206,,0
2.23571E-05,,-0.019131433
0,,-0.024380729
0,,-0.091963215
-0.002787117,,-0.00902686
0,,-0.051099756
0,,-0.051510185
5.85386E-05,,0
-0.006664292,,-0.037027894
0,,-0.046142015
0,,
0.001223694,,
0.000175315,,
-0.003828717,,
-0.001726905,,
0.00048724,,
0,,
0,,
-0.002272682,,
-0.003715709,,
-0.001648302,,
9.13008E-05,,
-0.001663552,,
0,,
0,,
-0.001060503,,
0.000160198,,
0,,
0,,
0.00047289,,
0,,
0,,
0.001235031,,
-0.00043655,,
-0.001344501,,
-0.000301299,,
0.000820238,,
0,,
0,,
0.002307491,,
0.001313357,,
0.004956612,,
0.001428627,,
0.000245313,,
0,,
0,,
0.001875241,,
-0.000477034,,
0.000905541,,
0.000534551,,
0.005353945,,
0,,
0,,
0.006342118,,
0.002496563,,
0.000760458,,
0.003062997,,
0.004018147,,
0,,
0,,
-0.001067381,,
0.000867099,,
0.000515391,,
-0.001443578,,
-0.001839938,,
0,,
0,,
0,,
0.001452022,,
-0.001207854,,
0.000348155,,
0.003261431,,
0,,
0,,
0.002244445,,
-0.001231619,,
-2.69404E-05,,
0.000450652,,
0.000554493,,
0,,
0,,
0.002611892,,
0.000747971,,
0.000719369,,
0.003614973,,
0.00210994,,
0,,
0,,
0.002829944,,
0.002018618,,
0.000790871,,
0.00436081,,
-0.001213806,,
0,,
0,,
0.001854145,,
-0.000982892,,
0.001269418,,
0.003382819,,
-0.00069984,,
0,,
0,,
0,,
-0.005008676,,
0.001360868,,
0.001201886,,
0.000654134,,
0,,
0,,
0.001915622,,
0.002775926,,
0.005936882,,
0.011015906,,
0.005591475,,
0,,
0,,
-0.00027499,,
-0.00243596,,
-0.000178762,,
0.000641554,,
0.002225897,,
0,,
0,,
0,,
0,,
0,,
-0.004933639,,
0,,
0,,
0,,
-0.002331502,,
-0.007497961,,
0.000640982,,
0.001447787,,
0.000115656,,
0,,
0,,
0.006129033,,
0.00153993,,
0.002080921,,
0.001021355,,
0.001260799,,
0,,
0,,
0.007725492,,
0.000575028,,
-0.001549486,,
0.002118215,,
0.001243511,,
0,,
0,,
0.003446572,,
0.005535144,,
0.000692088,,
0.001976517,,
0.002223617,,
0,,
0,,
0.000268655,,
0.000415393,,
0.000527843,,
-0.000772017,,
0.000158164,,
0,,
0,,
-0.001162719,,
-0.000572924,,
0.000998349,,
0.001335497,,
0.000648097,,
0,,
0,,
0.002221419,,
0,,
0.000667783,,
0.005817959,,
0.006346403,,
0,,
0,,
0.012662011,,
0.002057051,,
0,,
0.006616263,,
-0.001128703,,
0,,
0,,
0.001584164,,
-0.003775606,,
-0.00017042,,
0.001869438,,
0,,
0,,
0,,
0.001284213,,
-0.000268571,,
0.003876143,,
0.011759386,,
0.007066901,,
0,,
0,,
0.002498296,,
0.022286726,,
-0.001292667,,
0.001187822,,
-0.000859498,,
0,,
0,,
0.013691452,,
0.007366333,,
0.008500827,,
-0.002112173,,
-0.002562489,,
0,,
0,,
-0.007024269,,
-0.016972172,,
0.006764538,,
0.000346957,,
-0.003239874,,
0,,
0,,
0.003551772,,
-0.000371662,,
0.001018449,,
-0.001903095,,
0.000382634,,
0,,
0,,
0.0055506,,
0.005240701,,
0.007377906,,
0.006666558,,
0.003313081,,
0,,
0,,
-0.000923944,,
-0.006184516,,
0.004155727,,
0.006037255,,
0.002998044,,
0,,
0,,
-0.0016744,,
0.000593726,,
-0.003705897,,
-0.004930935,,
-0.004304381,,
0,,
0,,
-0.004225978,,
0.000915177,,
0.002303794,,
-0.001082895,,
0.00398336,,
0,,
0,,
-0.005441149,,
0,,
0.001451384,,
0.001826408,,
0.002495431,,
0,,
0,,
0.000829706,,
-0.001313526,,
-0.00154506,,
0,,
8.82336E-05,,
0,,
0,,
0.000200902,,
-0.00098516,,
0.000187092,,
2.29361E-05,,
-0.00142058,,
0,,
0,,
-0.005849037,,
-0.000350555,,
-0.00159428,,
-0.002140658,,
-0.001347651,,
0,,
0,,
-0.002743952,,
-0.005858924,,
0.001724174,,
0.001247581,,
-0.008184362,,
0,,
0,,
0.00053933,,
0.002534281,,
0.004908493,,
0,,
0,,
0,,
0,,
0,,
0.001381452,,
0.000692055,,
0.001107475,,
0.003540291,,
0,,
0,,
0,,
0,,
0,,
0.001522717,,
0.000663637,,
0,,
0,,
-0.003816034,,
-0.004535137,,
0.008093235,,
-0.003837288,,
-0.004764543,,
0,,
0,,
0,,
-0.003109661,,
-0.005014189,,
0.00027328,,
-0.000148431,,
0,,
0,,
-0.00264159,,
-0.008099644,,
-0.002061289,,
0.002933949,,
0.002325744,,
0,,
0,,
-0.005397266,,
-0.005025428,,
-0.002385443,,
0.00026852,,
0,,
0,,
0,,
-0.005462653,,
-0.002693536,,
0.00340302,,
0.004722653,,
0.000918746,,
0,,
0,,
0.002126652,,
0.00292328,,
0.005712173,,
0.002138148,,
0.000360673,,
0,,
0,,
0.001715923,,
0.000350146,,
0.000957993,,
2.40477E-05,,
0.002260216,,
0,,
0,,
0.00365582,,
-0.001756164,,
-0.001005587,,
-0.001256155,,
0.001758314,,
0,,
0,,
0.003918292,,
0.000489829,,
0,,
0,,
0,,
0,,
0,,
0.000814906,,
-0.001676674,,
-0.000726886,,
0.005554519,,
0.028532769,,
0,,
0,,
0,,
0.033530078,,
0.020312164,,
0.018759645,,
0.022331588,,
0,,
0,,
0.004856776,,
0.024308098,,
0.02778627,,
-0.014290057,,
-0.019408407,,
0,,
0,,
0.001823127,,
-0.025411064,,
0.011434747,,
0.021916728,,
0.001278456,,
0,,
0,,
-0.012790723,,
-0.001799799,,
0,,
-2.25527E-05,,
-0.011857581,,
0,,
0,,
-0.00564087,,
0,,
-0.007409244,,
-0.003043761,,
-3.82258E-05,,
0,,
0,,
0.004815893,,
0.00494231,,
-0.001582273,,
-0.002417297,,
0.003727724,,
0,,
1.5625E-06,,
0.028288569,,
0.017646108,,
0.025591526,,
0.037748899,,
0.022922243,,
0,,
0,,
0.003240632,,
0.032932265,,
0.040468971,,
-0.000461517,,
-0.015442583,,
0,,
0,,
-0.019068346,,
0.006886554,,
-0.010619221,,
0.018712176,,
-0.003443733,,
0,,
0,,
0.008119452,,
0.021427867,,
0.02023241,,
-0.001185207,,
0,,
0,,
0,,
-0.004143215,,
0.016423758,,
0.012458923,,
-0.025253013,,
0.005166636,,
0,,
0,,
-0.009914195,,
0,,
-0.006270459,,
0.020165879,,
-0.001953998,,
0,,
0,,
0.013902422,,
0.018665147,,
0.033493121,,
0.010740158,,
0.043637074,,
0,,
0,,
0.019722425,,
-0.01523439,,
0.015166747,,
-0.004645351,,
0,,
0,,
0,,
0.020341406,,
0.028242442,,
0.021520104,,
0.035546133,,
0.034458896,,
0,,
0,,
0.037273431,,
0.041209691,,
0.00199959,,
-0.036938143,,
-0.01472001,,
0,,
0,,
-0.00756846,,
-0.041637545,,
-0.00699265,,
0.032318301,,
0.000929401,,
0,,
0,,
-0.03305073,,
-0.000621654,,
0.032455322,,
0.012364247,,
0,,
0,,
